,Drates,Cluster
0,0.3806,100.0
1,0.3707,50.0
2,0.4013,25.0
3,0.485,12.5
4,0.5632,6.25
5,0.4634,3.125
6,0.2915,1.5625
7,0.1555,0.78125
8,0.0819,0.390625
9,0.0453,0.1953125
10,0.0207,0.09765625
